dataset,size,model,features,error_level,run_index,accuracy,f1,precision,recall,runtime_seconds,tokens_total,tokens_prompt,tokens_completion,cost_usd
health,Large,gpt-4o-mini,DomainOnly,0.1,1,0.9820375,0.9554736157159235,0.9293923806461983,0.9830609338802576,60.61128282546997,6291,4605,1686,0.00170235
health,Large,gpt-4o-mini,DomainOnly,0.1,2,0.98383125,0.9625790151255804,0.9416170630241399,0.9844955123779465,53.53599309921265,6838,4996,1842,0.0018545999999999999
health,Large,gpt-4o-mini,DomainOnly,0.1,3,0.9699319444444444,0.9362464035715443,0.8918224456363187,0.9853281183172276,98.78954195976257,9313,7207,2106,0.0023446499999999998
health,Large,gpt-4o-mini,DomainOnly,0.1,4,0.9868052083333333,0.9725471328040849,0.9592644688519404,0.9862028042723396,80.95767045021057,6148,4340,1808,0.0017357999999999998
health,Large,gpt-4o-mini,DomainOnly,0.1,5,0.98832,0.9769654777987044,0.966935050993022,0.9872061856697323,57.620447874069214,6909,4971,1938,0.00190845
