dataset,size,model,features,error_level,run_index,accuracy,f1,precision,recall,runtime_seconds,tokens_total,tokens_prompt,tokens_completion,cost_usd
health,Large,gpt-4o-mini,RCIOnly,0.1,1,0.9821166666666666,0.9555297677020951,0.928777166797591,0.9838692470181578,77.10022592544556,7760,5146,2614,0.0023402999999999996
health,Large,gpt-4o-mini,RCIOnly,0.1,2,0.9837020833333333,0.9622013383905491,0.9412582124119677,0.9840976477564736,80.67892217636108,7648,4970,2678,0.0023523
health,Large,gpt-4o-mini,RCIOnly,0.1,3,0.9852527777777778,0.9676828303242065,0.9507146701752287,0.9852676855949326,78.54481959342957,7830,5176,2654,0.0023688
health,Large,gpt-4o-mini,RCIOnly,0.1,4,0.98669375,0.9723383153527331,0.9590059246412965,0.986046634195189,93.07175493240356,7676,5128,2548,0.0022979999999999997
health,Large,gpt-4o-mini,RCIOnly,0.1,5,0.9881958333333334,0.976733643332419,0.9667535896368744,0.9869218998429964,100.88846802711487,7537,4924,2613,0.0023064
