dataset,size,model,features,error_level,run_index,accuracy,f1,precision,recall,runtime_seconds,tokens_total,tokens_prompt,tokens_completion,cost_usd
health,Medium,gpt-4o-mini,Domain+RCI,0.01,1,0.9992916666666667,0.9848078641644326,0.9927927927927928,0.9769503546099291,103.09040093421936,19316,13280,6036,0.0056136
health,Medium,gpt-4o-mini,Domain+RCI,0.01,2,0.9990833333333333,0.9813717188823031,0.9838709677419355,0.9788851351351351,108.10966038703918,20790,14199,6591,0.00608445
health,Medium,gpt-4o-mini,Domain+RCI,0.01,3,0.917375,0.38714329865045843,0.24117571556924658,0.9806889352818372,121.93968462944031,20849,14212,6637,0.0061140000000000005
health,Medium,gpt-4o-mini,Domain+RCI,0.01,4,0.9994166666666666,0.9894894894894894,0.9954682779456193,0.9835820895522388,133.94957852363586,23529,15901,7628,0.0069619500000000015
health,Medium,gpt-4o-mini,Domain+RCI,0.01,5,0.836175,0.26642785178551437,0.15402536888428683,0.9859154929577465,149.9452464580536,24223,16408,7815,0.0071502
