dataset,size,model,features,error_level,run_index,accuracy,f1,precision,recall,runtime_seconds,tokens_total,tokens_prompt,tokens_completion,cost_usd
health,Medium,gpt-4o-mini,Domain+RCI,0.1,1,0.9818333333333333,0.9544028445931814,0.926497461928934,0.9840414060815182,167.07785606384277,23303,15727,7576,0.006904650000000001
health,Medium,gpt-4o-mini,Domain+RCI,0.1,2,0.913625,0.827336331834083,0.713116519491708,0.9851234751562035,124.12878084182739,21193,14149,7044,0.006348750000000001
health,Medium,gpt-4o-mini,Domain+RCI,0.1,3,0.984125,0.9651747356875171,0.944540521199833,0.9867306254672314,96.25423288345337,16674,11637,5037,0.004767749999999999
health,Medium,gpt-4o-mini,Domain+RCI,0.1,4,0.77615625,0.6765993950065465,0.5147233925627405,0.9870032930845225,262.07654190063477,40401,26355,14046,0.012380849999999997
health,Medium,gpt-4o-mini,Domain+RCI,0.1,5,0.7641,0.6804244750508015,0.5156389021969748,1.0,213.20794820785522,31427,20778,10649,0.009506099999999998
