dataset,size,model,features,error_level,run_index,accuracy,f1,precision,recall,runtime_seconds,tokens_total,tokens_prompt,tokens_completion,cost_usd
health,Medium,gpt-4o-mini,RCIOnly,0.1,1,0.9822916666666667,0.9560359987586635,0.9290309609971854,0.9846580012784999,44.92332983016968,7431,4873,2558,0.00226575
health,Medium,gpt-4o-mini,RCIOnly,0.1,2,0.984125,0.9634987545506802,0.9428142870535295,0.985111176412969,50.34581518173218,7740,4973,2767,0.00240615
health,Medium,gpt-4o-mini,RCIOnly,0.1,3,0.98475,0.9664466446644664,0.9492736222835875,0.984252458608241,52.762818574905396,7664,4942,2722,0.0023745
health,Medium,gpt-4o-mini,RCIOnly,0.1,4,0.9866979166666666,0.9723622984525484,0.9594259844537456,0.9856522311438726,65.75689578056335,9303,6111,3192,0.0028318499999999995
health,Medium,gpt-4o-mini,RCIOnly,0.1,5,0.9883083333333333,0.9768760404133634,0.9677682711775848,0.9861568666600113,55.23989915847778,7621,4935,2686,0.00235185
