dataset,size,model,features,error_level,run_index,accuracy,f1,precision,recall,runtime_seconds,tokens_total,tokens_prompt,tokens_completion,cost_usd
health,Large,gpt-4o-mini,RCIOnly,0.01,1,0.9994875,0.988331277867375,0.9921904761904762,0.9845019845019845,58.636744022369385,7391,4869,2522,0.00224355
health,Large,gpt-4o-mini,RCIOnly,0.01,2,0.9994395833333334,0.9883504395651985,0.9939029701245536,0.9828596037898364,68.91459321975708,7650,4977,2673,0.0023503499999999997
health,Large,gpt-4o-mini,RCIOnly,0.01,3,0.9994736111111111,0.9898698313420469,0.9949492235774542,0.9848420380810552,70.45600199699402,7766,5019,2747,0.0024010499999999996
health,Large,gpt-4o-mini,RCIOnly,0.01,4,0.9994927083333334,0.9909555204754388,0.9959681935267107,0.985993051962451,72.52632713317871,8527,5658,2869,0.0025700999999999996
health,Large,gpt-4o-mini,RCIOnly,0.01,5,0.9994975,0.9916281394477071,0.9969292613477752,0.986383096257423,76.01201748847961,7390,4853,2537,0.00225015
