dataset,size,model,features,error_level,run_index,accuracy,f1,precision,recall,runtime_seconds,tokens_total,tokens_prompt,tokens_completion,cost_usd
health,Medium,gpt-4o-mini,RCIOnly,0.01,1,0.9993333333333333,0.9849624060150376,0.9905482041587902,0.9794392523364486,49.730674266815186,7861,5051,2810,0.0024436499999999995
health,Medium,gpt-4o-mini,RCIOnly,0.01,2,0.9994375,0.988296488946684,0.9930313588850174,0.9836065573770492,44.94419598579407,7427,4875,2552,0.00226245
health,Medium,gpt-4o-mini,RCIOnly,0.01,3,0.9994027777777778,0.9887816331854944,0.9926663174436878,0.9849272349272349,48.0443811416626,7814,5013,2801,0.00243255
health,Medium,gpt-4o-mini,RCIOnly,0.01,4,0.9994270833333333,0.9897407200149226,0.994005245410266,0.9855126300148589,49.46322560310364,7851,5100,2751,0.0024156
health,Medium,gpt-4o-mini,RCIOnly,0.01,5,0.9994583333333333,0.990990990990991,0.9952672605790646,0.9867513110681756,54.12264394760132,8286,5531,2755,0.00248265
