dataset,size,model,features,error_level,run_index,accuracy,f1,precision,recall,runtime_seconds,tokens_total,tokens_prompt,tokens_completion,cost_usd
retail,Medium,mistral-medium-2505-ruud,NoFeatures,0.1,1,0.9435625,0.8727272727272727,0.78419452887538,0.9837940896091516,33.31157445907593,2862,2021,841,0.0024904
retail,Medium,mistral-medium-2505-ruud,NoFeatures,0.1,2,0.839625,0.7232229532952217,0.571319018404908,0.9851601528063474,59.918983697891235,2693,1965,728,0.002242
retail,Medium,mistral-medium-2505-ruud,NoFeatures,0.1,3,0.9488541666666667,0.8968270645093507,0.8229849595063633,0.9852262234533703,28.773771286010742,2871,2026,845,0.0025004
retail,Medium,mistral-medium-2505-ruud,NoFeatures,0.1,4,0.848109375,0.7571146590710341,0.613972525023301,0.9872931056952952,26.17412781715393,2824,2015,809,0.002424
retail,Medium,mistral-medium-2505-ruud,NoFeatures,0.1,5,0.9531125,0.91437050565004,0.8517778155835318,0.9868920317350811,26.009048461914062,2854,2020,834,0.002476
