dataset,size,model,features,error_level,run_index,accuracy,f1,precision,recall,runtime_seconds,tokens_total,tokens_prompt,tokens_completion,cost_usd
retail,Large,mistral-medium-2505-ruud,NoFeatures,0.01,1,0.81120625,0.1957453606326047,0.10849098367913113,1.0,46.73281455039978,2189,1434,755,0.0020836
retail,Large,mistral-medium-2505-ruud,NoFeatures,0.01,2,0.953909375,0.5137638875152474,0.3500606496248708,0.9650730740648997,40.27921748161316,3304,2480,824,0.00264
retail,Large,mistral-medium-2505-ruud,NoFeatures,0.01,3,0.8250041666666666,0.23581215087610766,0.13396871995782467,0.9833826542226269,35.227147817611694,2354,1655,699,0.00206
retail,Large,mistral-medium-2505-ruud,NoFeatures,0.01,4,0.825396875,0.25119277366784604,0.14394329204137898,0.9853845749434835,48.91896605491638,2580,1734,846,0.0023856000000000003
retail,Large,mistral-medium-2505-ruud,NoFeatures,0.01,5,0.8342325,0.2731488078925733,0.1588347781744008,0.9745013687915526,72.67017817497253,3278,2328,950,0.0028312000000000003
