dataset,size,model,features,error_level,run_index,accuracy,f1,precision,recall,runtime_seconds,tokens_total,tokens_prompt,tokens_completion,cost_usd
retail,Large,gpt-4o-mini,Domain+RCI,0.1,1,0.951075,0.8885281385281385,0.8110750032497075,0.9823357158600712,184.80435585975647,27305,17815,9490,0.00836625
retail,Large,gpt-4o-mini,Domain+RCI,0.1,2,0.839478125,0.7170252031400633,0.5752026232753821,0.9516699812821713,188.08532047271729,26089,17233,8856,0.00789855
retail,Large,gpt-4o-mini,Domain+RCI,0.1,3,0.9652104166666666,0.9288595979261544,0.8681356310122953,0.998717443682036,209.54311895370483,27646,17783,9863,0.00858525
retail,Large,gpt-4o-mini,Domain+RCI,0.1,4,0.7561859375,0.6630577250712035,0.49624103893417454,0.9988224961779918,280.6637659072876,36849,23750,13099,0.011421899999999997
retail,Large,gpt-4o-mini,Domain+RCI,0.1,5,0.85775875,0.7768384018450206,0.646114699549814,0.9738755882049239,220.58396553993225,28391,18416,9975,0.008747400000000002
