dataset,size,model,features,error_level,run_index,accuracy,f1,precision,recall,runtime_seconds,tokens_total,tokens_prompt,tokens_completion,cost_usd
retail,Large,gpt-4o-mini,RCIOnly,0.01,1,0.9670625,0.5804808151568221,0.41118754934025037,0.9867388362652233,69.59829783439636,11797,7504,4293,0.0037014
retail,Large,gpt-4o-mini,RCIOnly,0.01,2,0.968553125,0.6100972528962765,0.4443253005248603,0.973176761433869,74.48343849182129,11797,7646,4151,0.0036374999999999992
retail,Large,gpt-4o-mini,RCIOnly,0.01,3,0.96636875,0.6133505784292592,0.44739508717984555,0.975022844958879,83.97980165481567,12569,8166,4403,0.0038667
retail,Large,gpt-4o-mini,RCIOnly,0.01,4,0.9690984375,0.6552547631913818,0.4902318787657477,0.9877548875341602,79.46125650405884,11484,7352,4132,0.0035819999999999997
retail,Large,gpt-4o-mini,RCIOnly,0.01,5,0.9582575,0.6031138578559544,0.4339490336924919,0.9884300740163615,107.76496076583862,14182,8897,5285,0.0045055500000000005
