dataset,size,model,features,error_level,run_index,accuracy,f1,precision,recall,runtime_seconds,tokens_total,tokens_prompt,tokens_completion,cost_usd
retail,Large,gpt-4o-mini,Domain+RCI,0.01,1,0.9660875,0.5601491569390402,0.39445142139513645,0.9658932065977076,129.3868808746338,19704,13000,6704,0.005972399999999999
retail,Large,gpt-4o-mini,Domain+RCI,0.01,2,0.96625625,0.589741641337386,0.42444626743232156,0.9658991910392035,131.75416612625122,21334,14259,7075,0.00638385
retail,Large,gpt-4o-mini,Domain+RCI,0.01,3,0.9653895833333334,0.6019598917028056,0.43963043326100654,0.9543417154144193,164.14395475387573,25583,17125,8458,0.007643550000000001
retail,Large,gpt-4o-mini,Domain+RCI,0.01,4,0.96885,0.6500982869980343,0.4880105401844532,0.9734048144644171,94.17569351196289,15490,10499,4991,0.00456945
retail,Large,gpt-4o-mini,Domain+RCI,0.01,5,0.84152125,0.2819552917589357,0.16482366807485002,0.9744372675670385,152.72124099731445,22466,14507,7959,0.0069514500000000005
