dataset,size,model,features,error_level,run_index,accuracy,f1,precision,recall,runtime_seconds,tokens_total,tokens_prompt,tokens_completion,cost_usd
retail,Medium,gpt-4o-mini,RCIOnly,0.01,1,0.9660625,0.5741176470588235,0.40985442329227323,0.9581151832460733,87.40536880493164,13158,8486,4672,0.0040761
retail,Medium,gpt-4o-mini,RCIOnly,0.01,2,0.9674375,0.5904088050314465,0.4281641961231471,0.950632911392405,83.0501446723938,12647,8077,4570,0.003953549999999999
retail,Medium,gpt-4o-mini,RCIOnly,0.01,3,0.9655416666666666,0.6012536162005786,0.4378511235955056,0.9592307692307692,92.41554546356201,13756,8875,4881,0.004259849999999999
retail,Medium,gpt-4o-mini,RCIOnly,0.01,4,0.95753125,0.5637239165329053,0.39728506787330314,0.9701657458563536,91.3073558807373,13330,8556,4774,0.004147799999999999
retail,Medium,gpt-4o-mini,RCIOnly,0.01,5,0.9640375,0.6226885245901639,0.4578592092574735,0.9729508196721312,93.08944630622864,13799,8743,5056,0.00434505
