dataset,size,model,features,error_level,run_index,accuracy,f1,precision,recall,runtime_seconds,tokens_total,tokens_prompt,tokens_completion,cost_usd
retail,Large,gpt-4o-mini,DomainOnly,0.1,1,0.8429625,0.7067665663002124,0.5632650024182447,0.94838386369331,43.466264724731445,6921,4998,1923,0.0019035
retail,Large,gpt-4o-mini,DomainOnly,0.1,2,0.849390625,0.7306021833548538,0.5923374634049071,0.9530698556219921,39.95000886917114,7071,5352,1719,0.0018341999999999996
retail,Large,gpt-4o-mini,DomainOnly,0.1,3,0.85008125,0.7436437281578301,0.60866345150135,0.9555516900428461,46.034215688705444,7672,5838,1834,0.0019760999999999997
retail,Large,gpt-4o-mini,DomainOnly,0.1,4,0.8546,0.7604267501493214,0.6302716820730802,0.9583273850466562,51.5110125541687,8293,6294,1999,0.0021435
retail,Large,gpt-4o-mini,DomainOnly,0.1,5,0.858175,0.7752920253029181,0.6496712327857752,0.9611382552972084,41.127212047576904,5867,4383,1484,0.00154785
