dataset,size,model,features,error_level,run_index,accuracy,f1,precision,recall,runtime_seconds,tokens_total,tokens_prompt,tokens_completion,cost_usd
retail,Large,gpt-4o-mini,RCIOnly,0.1,1,0.96073125,0.9086733433143888,0.845537912191955,0.9819981149858624,94.50444793701172,11691,7477,4214,0.003649949999999999
retail,Large,gpt-4o-mini,RCIOnly,0.1,2,0.85455,0.7434320048508902,0.5976778196321737,0.9832033243420573,105.07099342346191,11763,7473,4290,0.00369495
retail,Large,gpt-4o-mini,RCIOnly,0.1,3,0.8586479166666666,0.7601330688924949,0.618946180595537,0.9847667378101842,103.14351415634155,12830,8238,4592,0.0039908999999999995
retail,Large,gpt-4o-mini,RCIOnly,0.1,4,0.860209375,0.7722792942302406,0.6350332575671953,0.9852061591214615,94.88916492462158,12716,8088,4628,0.00399
retail,Large,gpt-4o-mini,RCIOnly,0.1,5,0.96728625,0.9387923110925049,0.8959435389910407,0.9859454520445659,102.98031783103943,14107,8975,5132,0.004425449999999999
