dataset,size,model,features,error_level,run_index,accuracy,f1,precision,recall,runtime_seconds,tokens_total,tokens_prompt,tokens_completion,cost_usd
health,Medium,grok-3-mini,NoFeatures,0.1,1,0.9814166666666667,0.9538588868197807,0.9275653923541247,0.981686541737649,46.330265045166016,6963,1182,316,0.008286
health,Medium,grok-3-mini,NoFeatures,0.1,2,0.9801666666666666,0.9539562778100212,0.9402230908570883,0.9680965936978502,95.40780067443848,10252,1794,342,0.010511999999999999
health,Medium,grok-3-mini,NoFeatures,0.1,3,0.9813055555555555,0.9586075404391414,0.9477076492764198,0.969761075161772,47.682010889053345,5175,890,363,0.008115
health,Medium,grok-3-mini,NoFeatures,0.1,4,0.9863020833333334,0.971673523899791,0.9581138487680544,0.9856225145304375,100.41705560684204,12531,2394,476,0.014322
health,Medium,grok-3-mini,NoFeatures,0.1,5,0.98805,0.9763826212984618,0.9663873765200665,0.9865867864869362,113.47692894935608,10536,1794,362,0.010812
