dataset,size,model,features,error_level,run_index,accuracy,f1,precision,recall,runtime_seconds,tokens_total,tokens_prompt,tokens_completion,cost_usd
health,Medium,grok-3-mini,NoFeatures,0.01,1,0.9990833333333333,0.9792060491493384,0.9885496183206107,0.9700374531835206,50.69159126281738,6003,887,377,0.008316
health,Medium,grok-3-mini,NoFeatures,0.01,2,0.9993958333333334,0.98749460974558,0.989628349178911,0.9853700516351118,50.18215990066528,7402,1182,320,0.008346
health,Medium,grok-3-mini,NoFeatures,0.01,3,0.9995277777777778,0.9911180773249739,0.9942348008385744,0.9880208333333333,56.40610122680664,6053,877,394,0.008541
health,Medium,grok-3-mini,NoFeatures,0.01,4,0.9943125,0.9047785141262644,0.8463295269168026,0.9718995878606219,103.18486499786377,10644,1806,358,0.010788
health,Medium,grok-3-mini,NoFeatures,0.01,5,0.9944166666666666,0.9134814049586777,0.8610029211295034,0.9727722772277227,64.30349731445312,7688,1192,317,0.008331
