dataset,size,model,features,error_level,run_index,accuracy,f1,precision,recall,runtime_seconds,tokens_total,tokens_prompt,tokens_completion,cost_usd
retail,Large,mistral-medium-2505-ruud,NoFeatures,0.1,1,0.726775,0.08074690890739339,0.04207204838285564,1.0,27.79692792892456,2436,1737,699,0.0020928
retail,Large,mistral-medium-2505-ruud,NoFeatures,0.1,2,0.849425,0.14116640524739768,0.07594354096348573,1.0,21.53069233894348,2441,1736,705,0.0021044
retail,Large,mistral-medium-2505-ruud,NoFeatures,0.1,3,0.7264083333333333,0.08300980364773902,0.043302153451642046,1.0,29.534499883651733,2443,1736,707,0.0021084
retail,Large,mistral-medium-2505-ruud,NoFeatures,0.1,4,0.8489,0.140928150095942,0.07580565006307581,1.0,25.71969747543335,2445,1737,708,0.0021108
retail,Large,mistral-medium-2505-ruud,NoFeatures,0.1,5,0.84850625,0.09937057376622797,0.05367392648133133,0.6686,28.718656063079834,2371,1735,636,0.001966
