dataset,size,model,features,error_level,run_index,accuracy,f1,precision,recall,runtime_seconds,tokens_total,tokens_prompt,tokens_completion,cost_usd
sensor,Medium,gpt-4o-mini,RCIOnly,0.01,1,0.8161666666666667,0.1402961808261886,0.0783630822812364,0.6691449814126395,230.12387442588806,30714,18917,11797,0.00991575
sensor,Medium,gpt-4o-mini,RCIOnly,0.01,2,0.8238125,0.15167017755040627,0.08552036199095023,0.6696191319751993,159.01144218444824,22395,13769,8626,0.0072409499999999995
sensor,Medium,gpt-4o-mini,RCIOnly,0.01,3,0.8231944444444445,0.17530448302669085,0.10006656312402928,0.7065274151436032,125.73739576339722,17228,10171,7057,0.0057598499999999995
sensor,Medium,gpt-4o-mini,RCIOnly,0.01,4,0.7986770833333333,0.17140407288317255,0.09671956647958196,0.75235227700414,192.23245549201965,25104,15033,10071,0.008297549999999999
sensor,Medium,gpt-4o-mini,RCIOnly,0.01,5,0.3171333333333333,0.07499887117894072,0.039101213526524556,0.9154036924772665,189.69411826133728,25961,15862,10099,0.0084387
