dataset,size,model,features,error_level,run_index,accuracy,f1,precision,recall,runtime_seconds,tokens_total,tokens_prompt,tokens_completion,cost_usd
health,Large,gpt-4o,NoFeatures,0.1,1,0.9822416666666667,0.9558652969927927,0.9301477256696024,0.9830454322775778,16.77893590927124,1712,1218,494,0.007984999999999999
health,Large,gpt-4o,NoFeatures,0.1,2,0.9838020833333333,0.9624756876239751,0.9418877049799743,0.983983816055657,22.25382399559021,2471,1852,619,0.01082
health,Large,gpt-4o,NoFeatures,0.1,3,0.9137805555555556,0.8366179241806946,0.7272797990290063,0.9846484571017923,22.016244411468506,2065,1534,531,0.009145
health,Large,gpt-4o,NoFeatures,0.1,4,0.98663125,0.9722016452883153,0.9590400369216568,0.9857295331462229,26.490368843078613,2036,1476,560,0.009289999999999998
health,Large,gpt-4o,NoFeatures,0.1,5,0.9881641666666666,0.9766650949053575,0.9667491730389558,0.9867865395341425,24.761640071868896,1717,1217,500,0.008042500000000001
