dataset,size,model,features,error_level,run_index,accuracy,f1,precision,recall,runtime_seconds,tokens_total,tokens_prompt,tokens_completion,cost_usd
health,Large,mistral-medium-2505-ruud,NoFeatures,0.1,1,0.9958208333333334,0.6655551850616872,0.9803536345776032,0.5037859666834932,25.834978580474854,2594,1855,739,0.00222
health,Large,mistral-medium-2505-ruud,NoFeatures,0.1,2,0.9957666666666667,0.6678653154625694,0.9803262955854126,0.506445215666832,22.43483591079712,2490,1856,634,0.0020104
health,Large,mistral-medium-2505-ruud,NoFeatures,0.1,3,0.9957833333333334,0.6649746192893401,0.9807942708333334,0.5030050083472454,20.92481279373169,1760,1226,534,0.0015584
health,Large,mistral-medium-2505-ruud,NoFeatures,0.1,4,0.9957354166666667,0.6603053435114504,0.9795667159034959,0.49799749687108885,26.606151819229126,2585,1870,715,0.002178
health,Large,mistral-medium-2505-ruud,NoFeatures,0.1,5,0.9957283333333333,0.6599442749104418,0.980291683090264,0.4974,27.683353424072266,2586,1856,730,0.0022024
