dataset,size,model,features,error_level,run_index,accuracy,f1,precision,recall,runtime_seconds,tokens_total,tokens_prompt,tokens_completion,cost_usd
health,Medium,grok-3,NoFeatures,0.1,1,0.9789166666666667,0.94699350513304,0.9285127362366475,0.9662248824283882,8.661321878433228,2014,1471,543,0.0
health,Medium,grok-3,NoFeatures,0.1,2,0.9809375,0.9553331706126434,0.9423151001540832,0.9687159687159688,7.50752854347229,1877,1442,435,0.0
health,Medium,grok-3,NoFeatures,0.1,3,0.9820277777777778,0.9599182257464998,0.9495067099699737,0.9705606013153774,8.391160488128662,1635,1161,474,0.0
health,Medium,grok-3,NoFeatures,0.1,4,0.9837604166666667,0.9659018831609107,0.9593760862009038,0.9725170667253908,8.56757926940918,1875,1444,431,0.0
health,Medium,grok-3,NoFeatures,0.1,5,0.985375,0.9708882806668325,0.9678219458958925,0.9739741072320032,10.148027658462524,1898,1442,456,0.0
