dataset,size,model,features,error_level,run_index,accuracy,f1,precision,recall,runtime_seconds,tokens_total,tokens_prompt,tokens_completion,cost_usd
health,Medium,mistral-medium-2505-ruud,NoFeatures,0.01,1,0.99475,0.896551724137931,0.822289156626506,0.9855595667870036,19.728001832962036,3411,2649,762,0.0025836000000000006
health,Medium,mistral-medium-2505-ruud,NoFeatures,0.01,2,0.9947916666666666,0.9015748031496063,0.8309143686502177,0.9853700516351118,19.514118909835815,3373,2645,728,0.0025140000000000006
health,Medium,mistral-medium-2505-ruud,NoFeatures,0.01,3,0.9994027777777778,0.988775776559645,0.9916230366492147,0.9859448204060385,20.199164390563965,2916,2140,776,0.002408
health,Medium,mistral-medium-2505-ruud,NoFeatures,0.01,4,0.999375,0.9887808526551982,0.9921200750469044,0.9854640327991054,30.23241400718689,2497,1840,657,0.00205
health,Medium,mistral-medium-2505-ruud,NoFeatures,0.01,5,0.9946416666666666,0.9176169122357463,0.8573138616231746,0.987045203969129,21.7207350730896,3398,2655,743,0.0025480000000000004
