dataset,size,model,features,error_level,run_index,accuracy,f1,precision,recall,runtime_seconds,tokens_total,tokens_prompt,tokens_completion,cost_usd
health,Medium,mistral-medium-2505-ruud,NoFeatures,0.1,1,0.9812916666666667,0.9533700280402949,0.9278350515463918,0.9803502776591201,21.42220115661621,2914,2146,768,0.0023944
health,Medium,mistral-medium-2505-ruud,NoFeatures,0.1,2,0.8271041666666666,0.7073798526145059,0.55039780521262,0.9896408839779005,17.70248293876648,2525,1840,685,0.0021060000000000002
health,Medium,mistral-medium-2505-ruud,NoFeatures,0.1,3,0.9430277777777778,0.8850142961260301,0.8046691813640534,0.9831838565022422,20.946656227111816,3358,2631,727,0.0025064
health,Medium,mistral-medium-2505-ruud,NoFeatures,0.1,4,0.9862708333333333,0.9714730964027531,0.9588959152281661,0.9843845951399246,17.246265649795532,2507,1840,667,0.0020700000000000002
health,Medium,mistral-medium-2505-ruud,NoFeatures,0.1,5,0.8387916666666667,0.7549683973197887,0.6094104656156064,0.9918791186846835,239.02515697479248,2930,2141,789,0.0024344000000000006
