dataset,size,model,features,error_level,run_index,accuracy,f1,precision,recall,runtime_seconds,tokens_total,tokens_prompt,tokens_completion,cost_usd
health,Large,mistral-medium-2505-ruud,NoFeatures,0.01,1,0.9993541666666667,0.9855800539585078,0.9897234678624813,0.9814711876968686,19.536211013793945,1676,1199,477,0.0014336
health,Large,mistral-medium-2505-ruud,NoFeatures,0.01,2,0.9944791666666667,0.8959315111530003,0.8232534642032333,0.982684355616816,28.975337505340576,3424,2656,768,0.0025984
health,Large,mistral-medium-2505-ruud,NoFeatures,0.01,3,0.9943972222222223,0.9018204828660437,0.832561901766054,0.9836474648261215,34.697309255599976,3382,2637,745,0.0025448000000000003
health,Large,mistral-medium-2505-ruud,NoFeatures,0.01,4,0.9993760416666667,0.9888923915663768,0.9926289926289926,0.9851838167374838,27.64785623550415,1741,1217,524,0.0015348
health,Large,mistral-medium-2505-ruud,NoFeatures,0.01,5,0.8359858333333333,0.266251607732026,0.1539015192328413,0.9861640430820215,41.35554051399231,2879,2147,732,0.0023228
