dataset,size,model,features,error_level,run_index,accuracy,f1,precision,recall,runtime_seconds,tokens_total,tokens_prompt,tokens_completion,cost_usd
health,Large,mistral-medium-2505-ruud,NoFeatures,0.1,1,0.8666791666666667,0.7423772755452854,0.5964422019535546,0.9828593356926619,31.47088313102722,3131,2405,726,0.0024140000000000003
health,Large,mistral-medium-2505-ruud,NoFeatures,0.1,2,0.8277791666666666,0.708166233619521,0.5511327732200652,0.9903433158565124,31.298280000686646,2921,2141,780,0.0024164000000000004
health,Large,mistral-medium-2505-ruud,NoFeatures,0.1,3,0.9849055555555556,0.9669609416800428,0.9497187354441113,0.9848407911521742,34.94925260543823,2486,1840,646,0.0020280000000000003
health,Large,mistral-medium-2505-ruud,NoFeatures,0.1,4,0.9465989583333333,0.897426714073339,0.8236266278839162,0.9857540340127383,48.72640633583069,3395,2643,752,0.0025612
health,Large,mistral-medium-2505-ruud,NoFeatures,0.1,5,0.9879975,0.976337047971571,0.9662298387096774,0.9866579446327947,34.712196350097656,2520,1840,680,0.002096
